Date,Home Team,Away Team
9/1/2012 0:00,Boston College Eagles,Miami Hurricanes
9/8/2012 0:00,Boston College Eagles,Maine Black Bears
9/29/2012 0:00,Boston College Eagles,Clemson Tigers
10/27/2012 0:00,Boston College Eagles,Maryland Terrapins
11/10/2012 0:00,Florida State Seminoles,Notre Dame Fighting Irish
11/17/2012 0:00,Boston College Eagles,Virginia Tech Hokies
9/1/2012 0:00,Clemson Tigers,Auburn Tigers
9/8/2012 0:00,Clemson Tigers,Ball State Cardinals
9/15/2012 0:00,Clemson Tigers,Furman Paladins
10/6/2012 0:00,Clemson Tigers,Georgia Tech Yellow Jackets
10/20/2012 0:00,Clemson Tigers,Virginia Tech Hokies
11/10/2012 0:00,Clemson Tigers,Maryland Terrapins
11/17/2012 0:00,Clemson Tigers,NC State Wolfpack
11/24/2012 0:00,Clemson Tigers,South Carolina Gamecocks
9/1/2012 0:00,Duke Blue Devils,FIU Golden Panthers
9/15/2012 0:00,Duke Blue Devils,North Carolina Central Eagles
9/22/2012 0:00,Duke Blue Devils,Memphis Tigers
10/6/2012 0:00,Duke Blue Devils,Virginia Cavaliers
10/20/2012 0:00,Duke Blue Devils,North Carolina Tar Heels
11/3/2012 0:00,Duke Blue Devils,Clemson Tigers
11/24/2012 0:00,Duke Blue Devils,Miami Hurricanes
9/1/2012 0:00,Florida State Seminoles,Murray State Racers
9/8/2012 0:00,Florida State Seminoles,Savannah State Tigers
9/15/2012 0:00,Florida State Seminoles,Wake Forest Demon Deacons
9/22/2012 0:00,Florida State Seminoles,Clemson Tigers
10/13/2012 0:00,Florida State Seminoles,Boston College Eagles
10/27/2012 0:00,Florida State Seminoles,Duke Blue Devils
11/24/2012 0:00,Florida State Seminoles,Florida Gators
9/8/2012 0:00,Georgia Tech Yellow Jackets,Presbyterian Blue Hose
9/15/2012 0:00,Georgia Tech Yellow Jackets,Virginia Cavaliers
9/22/2012 0:00,Georgia Tech Yellow Jackets,Miami Hurricanes
9/29/2012 0:00,Georgia Tech Yellow Jackets,Middle Tennessee Blue Raiders
10/20/2012 0:00,Georgia Tech Yellow Jackets,Boston College Eagles
10/27/2012 0:00,Georgia Tech Yellow Jackets,BYU Cougars
11/17/2012 0:00,Georgia Tech Yellow Jackets,Duke Blue Devils
9/1/2012 0:00,Maryland Terrapins,William & Mary Tribe
9/15/2012 0:00,Maryland Terrapins,UConn Huskies
10/6/2012 0:00,Maryland Terrapins,Wake Forest Demon Deacons
10/20/2012 0:00,Maryland Terrapins,NC State Wolfpack
11/3/2012 0:00,Maryland Terrapins,Georgia Tech Yellow Jackets
11/17/2012 0:00,Maryland Terrapins,Florida State Seminoles
9/15/2012 0:00,Miami Hurricanes,Bethune-Cookman Wildcats
9/29/2012 0:00,Miami Hurricanes,NC State Wolfpack
10/6/2012 0:00,Miami Hurricanes,Notre Dame Fighting Irish
10/13/2012 0:00,Miami Hurricanes,North Carolina Tar Heels
10/20/2012 0:00,Miami Hurricanes,Florida State Seminoles
11/1/2012 0:00,Miami Hurricanes,Virginia Tech Hokies
11/17/2012 0:00,Miami Hurricanes,South Florida Bulls
8/31/2012 0:00,NC State Wolfpack,Tennessee Volunteers
9/15/2012 0:00,NC State Wolfpack,South Alabama Jaguars
9/22/2012 0:00,NC State Wolfpack,The Citadel Bulldogs
10/6/2012 0:00,NC State Wolfpack,Florida State Seminoles
11/3/2012 0:00,NC State Wolfpack,Virginia Cavaliers
11/10/2012 0:00,NC State Wolfpack,Wake Forest Demon Deacons
11/24/2012 0:00,NC State Wolfpack,Boston College Eagles
9/1/2012 0:00,North Carolina Tar Heels,Elon Phoenix
9/22/2012 0:00,North Carolina Tar Heels,East Carolina Pirates
9/29/2012 0:00,North Carolina Tar Heels,Idaho Vandals
10/6/2012 0:00,North Carolina Tar Heels,Virginia Tech Hokies
10/27/2012 0:00,North Carolina Tar Heels,NC State Wolfpack
11/10/2012 0:00,North Carolina Tar Heels,Georgia Tech Yellow Jackets
11/24/2012 0:00,North Carolina Tar Heels,Maryland Terrapins
9/1/2012 0:00,Virginia Cavaliers,Richmond Spiders
9/8/2012 0:00,Virginia Cavaliers,Penn State Nittany Lions
9/29/2012 0:00,Virginia Cavaliers,Louisiana Tech Bulldogs
10/13/2012 0:00,Virginia Cavaliers,Maryland Terrapins
10/20/2012 0:00,Virginia Cavaliers,Wake Forest Demon Deacons
11/10/2012 0:00,Virginia Cavaliers,Miami Hurricanes
11/15/2012 0:00,Virginia Cavaliers,North Carolina Tar Heels
9/3/2012 0:00,Virginia Tech Hokies,Georgia Tech Yellow Jackets
9/8/2012 0:00,Virginia Tech Hokies,Austin Peay Governors
9/22/2012 0:00,Virginia Tech Hokies,Bowling Green Falcons
9/29/2012 0:00,Virginia Tech Hokies,Cincinnati Bearcats
10/13/2012 0:00,Virginia Tech Hokies,Duke Blue Devils
11/8/2012 0:00,Virginia Tech Hokies,Florida State Seminoles
11/24/2012 0:00,Virginia Tech Hokies,Virginia Cavaliers
9/1/2012 0:00,Wake Forest Demon Deacons,Liberty Flames
9/8/2012 0:00,Wake Forest Demon Deacons,North Carolina Tar Heels
9/22/2012 0:00,Wake Forest Demon Deacons,Army Black Knights
9/29/2012 0:00,Wake Forest Demon Deacons,Duke Blue Devils
10/25/2012 0:00,Wake Forest Demon Deacons,Clemson Tigers
11/3/2012 0:00,Wake Forest Demon Deacons,Boston College Eagles
11/24/2012 0:00,Wake Forest Demon Deacons,Vanderbilt Commodores
9/1/2012 0:00,Baylor Bears,SMU Mustangs
9/15/2012 0:00,Baylor Bears,Sam Houston State Bearkats
10/13/2012 0:00,Baylor Bears,TCU Horned Frogs
11/3/2012 0:00,Baylor Bears,Kansas Jayhawks
11/17/2012 0:00,Baylor Bears,Kansas State Wildcats
11/24/2012 0:00,Baylor Bears,Texas Tech Red Raiders
12/1/2012 0:00,Baylor Bears,Oklahoma State Cowboys
9/1/2012 0:00,Iowa State Cyclones,Tulsa Golden Hurricane
9/15/2012 0:00,Iowa State Cyclones,Western Illinois Leathernecks
9/29/2012 0:00,Iowa State Cyclones,Texas Tech Red Raiders
10/13/2012 0:00,Iowa State Cyclones,Kansas State Wildcats
10/27/2012 0:00,Iowa State Cyclones,Baylor Bears
11/3/2012 0:00,Iowa State Cyclones,Oklahoma Sooners
11/24/2012 0:00,Iowa State Cyclones,West Virginia Mountaineers
9/1/2012 0:00,Kansas Jayhawks,South Dakota State Jackrabbits
9/8/2012 0:00,Kansas Jayhawks,Rice Owls
9/15/2012 0:00,Kansas Jayhawks,TCU Horned Frogs
10/13/2012 0:00,Kansas Jayhawks,Oklahoma State Cowboys
10/27/2012 0:00,Kansas Jayhawks,Texas Longhorns
11/17/2012 0:00,Kansas Jayhawks,Iowa State Cyclones
9/1/2012 0:00,Kansas State Wildcats,Missouri State Bears
9/8/2012 0:00,Kansas State Wildcats,Miami Hurricanes
9/15/2012 0:00,Kansas State Wildcats,North Texas Mean Green
10/6/2012 0:00,Kansas State Wildcats,Kansas Jayhawks
10/27/2012 0:00,Kansas State Wildcats,Texas Tech Red Raiders
11/3/2012 0:00,Kansas State Wildcats,Oklahoma State Cowboys
12/1/2012 0:00,Kansas State Wildcats,Texas Longhorns
9/8/2012 0:00,Oklahoma Sooners,Florida A&M Rattlers
9/22/2012 0:00,Oklahoma Sooners,Kansas State Wildcats
10/13/2012 0:00,Oklahoma Sooners,Texas Longhorns
10/20/2012 0:00,Oklahoma Sooners,Kansas Jayhawks
10/27/2012 0:00,Oklahoma Sooners,Notre Dame Fighting Irish
11/10/2012 0:00,Oklahoma Sooners,Baylor Bears
11/24/2012 0:00,Oklahoma Sooners,Oklahoma State Cowboys
9/1/2012 0:00,Oklahoma State Cowboys,Savannah State Tigers
9/15/2012 0:00,Oklahoma State Cowboys,Louisiana's Ragin' Cajuns
9/29/2012 0:00,Oklahoma State Cowboys,Texas Longhorns
10/20/2012 0:00,Oklahoma State Cowboys,Iowa State Cyclones
10/27/2012 0:00,Oklahoma State Cowboys,TCU Horned Frogs
11/10/2012 0:00,Oklahoma State Cowboys,West Virginia Mountaineers
11/17/2012 0:00,Oklahoma State Cowboys,Texas Tech Red Raiders
9/8/2012 0:00,TCU Horned Frogs,Grambling State Tigers
9/22/2012 0:00,TCU Horned Frogs,Virginia Cavaliers
10/6/2012 0:00,TCU Horned Frogs,Iowa State Cyclones
10/20/2012 0:00,TCU Horned Frogs,Texas Tech Red Raiders
11/10/2012 0:00,TCU Horned Frogs,Kansas State Wildcats
12/1/2012 0:00,TCU Horned Frogs,Oklahoma Sooners
9/1/2012 0:00,Texas Longhorns,Wyoming Cowboys
9/8/2012 0:00,Texas Longhorns,New Mexico Lobos
10/6/2012 0:00,Texas Longhorns,West Virginia Mountaineers
10/13/2012 0:00,Texas Longhorns,Oklahoma Sooners
10/20/2012 0:00,Texas Longhorns,Baylor Bears
11/10/2012 0:00,Texas Longhorns,Iowa State Cyclones
11/24/2012 0:00,Texas Longhorns,TCU Horned Frogs
9/1/2012 0:00,Texas Tech Red Raiders,Northwestern State Demons
9/15/2012 0:00,Texas Tech Red Raiders,New Mexico Lobos
10/6/2012 0:00,Texas Tech Red Raiders,Oklahoma Sooners
10/13/2012 0:00,Texas Tech Red Raiders,West Virginia Mountaineers
11/3/2012 0:00,Texas Tech Red Raiders,Texas Longhorns
11/10/2012 0:00,Texas Tech Red Raiders,Kansas Jayhawks
11/24/2012 0:00,Texas Tech Red Raiders,Baylor Bears
9/1/2012 0:00,West Virginia Mountaineers,Marshall Thundering Herd
9/15/2012 0:00,West Virginia Mountaineers,James Madison Dukes
9/22/2012 0:00,West Virginia Mountaineers,Maryland Terrapins
9/29/2012 0:00,West Virginia Mountaineers,Baylor Bears
10/20/2012 0:00,West Virginia Mountaineers,Kansas State Wildcats
11/3/2012 0:00,West Virginia Mountaineers,TCU Horned Frogs
11/17/2012 0:00,West Virginia Mountaineers,Oklahoma Sooners
12/1/2012 0:00,West Virginia Mountaineers,Kansas Jayhawks
9/15/2012 0:00,Cincinnati Bearcats,Delaware State Hornets
9/29/2012 0:00,Cincinnati Bearcats,Virginia Tech Hokies
10/6/2012 0:00,Cincinnati Bearcats,Miami RedHawks
8/30/2012 0:00,UConn Huskies,UMass Minutemen
9/8/2012 0:00,UConn Huskies,NC State Wolfpack
9/28/2012 0:00,UConn Huskies,Buffalo Bulls
9/1/2012 0:00,Louisville Cardinals,Kentucky Wildcats
9/8/2012 0:00,Louisville Cardinals,Missouri State Bears
9/15/2012 0:00,Louisville Cardinals,North Carolina Tar Heels
9/1/2012 0:00,Pittsburgh Panthers,Youngstown State Penguins
9/15/2012 0:00,Pittsburgh Panthers,Virginia Tech Hokies
9/8/2012 0:00,Rutgers Scarlet Knights,Howard Bison
9/15/2012 0:00,Rutgers Scarlet Knights,Kent State Golden Flashes
11/10/2012 0:00,Rutgers Scarlet Knights,Army Black Knights
9/1/2012 0:00,Syracuse Orange,Northwestern Wildcats
9/8/2012 0:00,Syracuse Orange,USC Trojans
9/15/2012 0:00,Syracuse Orange,Stony Brook Seawolves
9/1/2012 0:00,South Florida Bulls,Chattanooga Mocs
9/29/2012 0:00,South Florida Bulls,Florida State Seminoles
9/1/2012 0:00,Illinois Fighting Illini,Western Michigan Broncos
9/15/2012 0:00,Illinois Fighting Illini,Charleston Southern Buccaneers
9/22/2012 0:00,Illinois Fighting Illini,Louisiana Tech Bulldogs
9/29/2012 0:00,Illinois Fighting Illini,Penn State Nittany Lions
10/27/2012 0:00,Illinois Fighting Illini,Indiana Hoosiers
11/10/2012 0:00,Illinois Fighting Illini,Minnesota Golden Gophers
11/17/2012 0:00,Illinois Fighting Illini,Purdue Boilermakers
9/1/2012 0:00,Indiana Hoosiers,Indiana State Sycamores
9/15/2012 0:00,Indiana Hoosiers,Ball State Cardinals
10/6/2012 0:00,Indiana Hoosiers,Michigan State Spartans
10/13/2012 0:00,Indiana Hoosiers,Ohio State Buckeyes
11/3/2012 0:00,Indiana Hoosiers,Iowa Hawkeyes
11/10/2012 0:00,Indiana Hoosiers,Wisconsin Badgers
9/1/2012 0:00,Iowa Hawkeyes,Northern Illinois Huskies
9/8/2012 0:00,Iowa Hawkeyes,Iowa State Cyclones
9/15/2012 0:00,Iowa Hawkeyes,Northern Iowa Panthers
9/22/2012 0:00,Iowa Hawkeyes,Central Michigan Chippewas
9/29/2012 0:00,Iowa Hawkeyes,Minnesota Golden Gophers
10/20/2012 0:00,Iowa Hawkeyes,Penn State Nittany Lions
11/10/2012 0:00,Iowa Hawkeyes,Purdue Boilermakers
11/23/2012 0:00,Iowa Hawkeyes,Nebraska Cornhuskers
9/1/2012 0:00,Michigan Wolverines,Alabama Crimson Tide
9/8/2012 0:00,Michigan Wolverines,Air Force Falcons
9/15/2012 0:00,Michigan Wolverines,UMass Minutemen
10/13/2012 0:00,Michigan Wolverines,Illinois Fighting Illini
10/20/2012 0:00,Michigan Wolverines,Michigan State Spartans
11/10/2012 0:00,Michigan Wolverines,Northwestern Wildcats
11/17/2012 0:00,Michigan Wolverines,Iowa Hawkeyes
8/31/2012 0:00,Michigan State Spartans,Boise State Broncos
9/15/2012 0:00,Michigan State Spartans,Notre Dame Fighting Irish
9/22/2012 0:00,Michigan State Spartans,Eastern Michigan Eagles
9/29/2012 0:00,Michigan State Spartans,Ohio State Buckeyes
10/13/2012 0:00,Michigan State Spartans,Iowa Hawkeyes
11/3/2012 0:00,Michigan State Spartans,Nebraska Cornhuskers
11/17/2012 0:00,Michigan State Spartans,Northwestern Wildcats
9/8/2012 0:00,Minnesota Golden Gophers,New Hampshire Wildcats
9/15/2012 0:00,Minnesota Golden Gophers,Western Michigan Broncos
9/22/2012 0:00,Minnesota Golden Gophers,Syracuse Orange
10/13/2012 0:00,Minnesota Golden Gophers,Northwestern Wildcats
10/27/2012 0:00,Minnesota Golden Gophers,Purdue Boilermakers
11/3/2012 0:00,Minnesota Golden Gophers,Michigan Wolverines
11/24/2012 0:00,Minnesota Golden Gophers,Michigan State Spartans
9/1/2012 0:00,Nebraska Cornhuskers,Southern Miss Golden Eagles
9/15/2012 0:00,Nebraska Cornhuskers,Arkansas State Red Wolves
9/22/2012 0:00,Nebraska Cornhuskers,Idaho State Bengals
9/29/2012 0:00,Nebraska Cornhuskers,Wisconsin Badgers
10/27/2012 0:00,Nebraska Cornhuskers,Michigan Wolverines
11/10/2012 0:00,Nebraska Cornhuskers,Penn State Nittany Lions
11/17/2012 0:00,Nebraska Cornhuskers,Minnesota Golden Gophers
9/8/2012 0:00,Northwestern Wildcats,Vanderbilt Commodores
9/15/2012 0:00,Northwestern Wildcats,Boston College Eagles
9/22/2012 0:00,Northwestern Wildcats,South Dakota Coyotes
9/29/2012 0:00,Northwestern Wildcats,Indiana Hoosiers
10/20/2012 0:00,Northwestern Wildcats,Nebraska Cornhuskers
10/27/2012 0:00,Northwestern Wildcats,Iowa Hawkeyes
11/24/2012 0:00,Northwestern Wildcats,Illinois Fighting Illini
9/1/2012 0:00,Ohio State Buckeyes,Miami RedHawks
9/8/2012 0:00,Ohio State Buckeyes,UCF Knights
9/15/2012 0:00,Ohio State Buckeyes,California Golden Bears
9/22/2012 0:00,Ohio State Buckeyes,UAB Blazers
10/6/2012 0:00,Ohio State Buckeyes,Nebraska Cornhuskers
10/20/2012 0:00,Ohio State Buckeyes,Purdue Boilermakers
11/3/2012 0:00,Ohio State Buckeyes,Illinois Fighting Illini
11/24/2012 0:00,Ohio State Buckeyes,Michigan Wolverines
9/1/2012 0:00,Penn State Nittany Lions,Ohio Bobcats
9/15/2012 0:00,Penn State Nittany Lions,Navy Midshipmen
9/22/2012 0:00,Penn State Nittany Lions,Temple Owls
10/6/2012 0:00,Penn State Nittany Lions,Northwestern Wildcats
10/27/2012 0:00,Penn State Nittany Lions,Ohio State Buckeyes
11/17/2012 0:00,Penn State Nittany Lions,Indiana Hoosiers
11/24/2012 0:00,Penn State Nittany Lions,Wisconsin Badgers
9/1/2012 0:00,Purdue Boilermakers,Eastern Kentucky Colonels
9/15/2012 0:00,Purdue Boilermakers,Eastern Michigan Eagles
9/29/2012 0:00,Purdue Boilermakers,Marshall Thundering Herd
10/6/2012 0:00,Purdue Boilermakers,Michigan Wolverines
10/13/2012 0:00,Purdue Boilermakers,Wisconsin Badgers
11/3/2012 0:00,Purdue Boilermakers,Penn State Nittany Lions
11/24/2012 0:00,Purdue Boilermakers,Indiana Hoosiers
9/1/2012 0:00,Wisconsin Badgers,Northern Iowa Panthers
9/15/2012 0:00,Wisconsin Badgers,Utah State Aggies
9/22/2012 0:00,Wisconsin Badgers,UTEP Miners
10/6/2012 0:00,Wisconsin Badgers,Illinois Fighting Illini
10/20/2012 0:00,Wisconsin Badgers,Minnesota Golden Gophers
10/27/2012 0:00,Wisconsin Badgers,Michigan State Spartans
11/17/2012 0:00,Wisconsin Badgers,Ohio State Buckeyes
9/1/2012 0:00,East Carolina Pirates,Appalachian State Mountaineers
9/29/2012 0:00,East Carolina Pirates,UTEP Miners
10/13/2012 0:00,East Carolina Pirates,Memphis Tigers
10/27/2012 0:00,East Carolina Pirates,Navy Midshipmen
11/3/2012 0:00,East Carolina Pirates,Houston Cougars
11/24/2012 0:00,East Carolina Pirates,Marshall Thundering Herd
9/1/2012 0:00,Houston Cougars,Texas State Bobcats
9/8/2012 0:00,Houston Cougars,Louisiana Tech Bulldogs
9/29/2012 0:00,Houston Cougars,Rice Owls
10/13/2012 0:00,Houston Cougars,UAB Blazers
10/27/2012 0:00,Houston Cougars,UTEP Miners
11/10/2012 0:00,Houston Cougars,Tulsa Golden Hurricane
11/24/2012 0:00,Houston Cougars,Tulane Green Wave
9/8/2012 0:00,Marshall Thundering Herd,Western Carolina Catamounts
9/15/2012 0:00,Marshall Thundering Herd,Ohio Bobcats
10/6/2012 0:00,Marshall Thundering Herd,Tulsa Golden Hurricane
10/27/2012 0:00,Marshall Thundering Herd,UCF Knights
11/3/2012 0:00,Marshall Thundering Herd,Memphis Tigers
11/17/2012 0:00,Marshall Thundering Herd,Houston Cougars
9/1/2012 0:00,Memphis Tigers,UT Martin Skyhawks
9/15/2012 0:00,Memphis Tigers,Middle Tennessee Blue Raiders
10/6/2012 0:00,Memphis Tigers,Rice Owls
10/20/2012 0:00,Memphis Tigers,UCF Knights
11/10/2012 0:00,Memphis Tigers,Tulane Green Wave
11/24/2012 0:00,Memphis Tigers,Southern Miss Golden Eagles
9/1/2012 0:00,Rice Owls,UCLA Bruins
9/22/2012 0:00,Rice Owls,Marshall Thundering Herd
9/29/2012 0:00,Rice Owls,Houston Cougars
10/13/2012 0:00,Rice Owls,UTSA Roadrunners
10/27/2012 0:00,Rice Owls,Southern Miss Golden Eagles
11/17/2012 0:00,Rice Owls,SMU Mustangs
9/8/2012 0:00,SMU Mustangs,Stephen F. Austin Lumberjacks
9/15/2012 0:00,SMU Mustangs,Texas A&M Aggies
9/29/2012 0:00,SMU Mustangs,TCU Horned Frogs
10/20/2012 0:00,SMU Mustangs,Houston Cougars
10/27/2012 0:00,SMU Mustangs,Memphis Tigers
11/10/2012 0:00,SMU Mustangs,Southern Miss Golden Eagles
11/24/2012 0:00,SMU Mustangs,Tulsa Golden Hurricane
9/15/2012 0:00,Southern Miss Golden Eagles,East Carolina Pirates
9/29/2012 0:00,Southern Miss Golden Eagles,Louisville Cardinals
10/6/2012 0:00,Southern Miss Golden Eagles,Boise State Broncos
10/20/2012 0:00,Southern Miss Golden Eagles,Marshall Thundering Herd
11/3/2012 0:00,Southern Miss Golden Eagles,UAB Blazers
11/17/2012 0:00,Southern Miss Golden Eagles,UTEP Miners
9/1/2012 0:00,Tulane Green Wave,Rutgers Scarlet Knights
9/22/2012 0:00,Tulane Green Wave,Ole Miss Rebels
9/29/2012 0:00,Tulane Green Wave,ULM Warhawks
10/13/2012 0:00,Tulane Green Wave,SMU Mustangs
10/27/2012 0:00,Tulane Green Wave,UAB Blazers
11/3/2012 0:00,Tulane Green Wave,Rice Owls
11/17/2012 0:00,Tulane Green Wave,East Carolina Pirates
9/8/2012 0:00,Tulsa Golden Hurricane,Tulane Green Wave
9/15/2012 0:00,Tulsa Golden Hurricane,Nicholls State Colonels
9/22/2012 0:00,Tulsa Golden Hurricane,Fresno State Bulldogs
10/13/2012 0:00,Tulsa Golden Hurricane,UTEP Miners
10/20/2012 0:00,Tulsa Golden Hurricane,Rice Owls
11/17/2012 0:00,Tulsa Golden Hurricane,UCF Knights
9/1/2012 0:00,UAB Blazers,Troy Trojans
9/29/2012 0:00,UAB Blazers,Tulsa Golden Hurricane
10/6/2012 0:00,UAB Blazers,Southeastern Louisiana Lions
10/20/2012 0:00,UAB Blazers,East Carolina Pirates
11/10/2012 0:00,UAB Blazers,Marshall Thundering Herd
11/17/2012 0:00,UAB Blazers,Memphis Tigers
9/15/2012 0:00,UCF Knights,FIU Golden Panthers
9/29/2012 0:00,UCF Knights,Missouri Tigers
10/6/2012 0:00,UCF Knights,East Carolina Pirates
10/13/2012 0:00,UCF Knights,Southern Miss Golden Eagles
11/3/2012 0:00,UCF Knights,SMU Mustangs
11/24/2012 0:00,UCF Knights,UAB Blazers
9/1/2012 0:00,UTEP Miners,Oklahoma Sooners
9/15/2012 0:00,UTEP Miners,New Mexico State Aggies
10/6/2012 0:00,UTEP Miners,SMU Mustangs
10/20/2012 0:00,UTEP Miners,Tulane Green Wave
11/10/2012 0:00,UTEP Miners,UCF Knights
11/24/2012 0:00,UTEP Miners,Rice Owls
9/15/2012 0:00,Army Black Knights,Northern Illinois Huskies
9/29/2012 0:00,Army Black Knights,Stony Brook Seawolves
10/6/2012 0:00,Army Black Knights,Boston College Eagles
10/13/2012 0:00,Army Black Knights,Kent State Golden Flashes
10/27/2012 0:00,Army Black Knights,Ball State Cardinals
11/3/2012 0:00,Army Black Knights,Air Force Falcons
11/17/2012 0:00,Army Black Knights,Temple Owls
12/8/2012 0:00,Army Black Knights,Navy Midshipmen
9/1/2012 0:00,BYU Cougars,Washington State Cougars
9/8/2012 0:00,BYU Cougars,Weber State Wildcats
9/29/2012 0:00,BYU Cougars,Hawaii Warriors
10/5/2012 0:00,BYU Cougars,Utah State Aggies
10/13/2012 0:00,BYU Cougars,Oregon State Beavers
11/10/2012 0:00,BYU Cougars,Idaho Vandals
9/1/2012 0:00,Navy Midshipmen,Notre Dame Fighting Irish
9/22/2012 0:00,Navy Midshipmen,VMI Keydets
9/29/2012 0:00,Navy Midshipmen,San Jose State Spartans
10/20/2012 0:00,Navy Midshipmen,Indiana Hoosiers
11/3/2012 0:00,Navy Midshipmen,Florida Atlantic Owls
11/17/2012 0:00,Navy Midshipmen,Texas State Bobcats
9/1/2012 0:00,Notre Dame Fighting Irish,Navy Midshipmen
9/8/2012 0:00,Notre Dame Fighting Irish,Purdue Boilermakers
9/22/2012 0:00,Notre Dame Fighting Irish,Michigan Wolverines
10/6/2012 0:00,Notre Dame Fighting Irish,Miami Hurricanes
10/13/2012 0:00,Notre Dame Fighting Irish,Stanford Cardinal
10/20/2012 0:00,Notre Dame Fighting Irish,BYU Cougars
11/3/2012 0:00,Notre Dame Fighting Irish,Pittsburgh Panthers
11/17/2012 0:00,Notre Dame Fighting Irish,Wake Forest Demon Deacons
8/30/2012 0:00,Akron Zips,UCF Knights
9/15/2012 0:00,Akron Zips,Morgan State Bears
9/22/2012 0:00,Ball State Cardinals,South Florida Bulls
9/8/2012 0:00,Bowling Green Falcons,Idaho Vandals
9/29/2012 0:00,Bowling Green Falcons,Rhode Island Rams
9/8/2012 0:00,Buffalo Bulls,Morgan State Bears
10/6/2012 0:00,Buffalo Bulls,Pittsburgh Panthers
8/30/2012 0:00,Central Michigan Chippewas,Southeast Missouri State RedHawks
9/8/2012 0:00,Central Michigan Chippewas,Michigan State Spartans
10/13/2012 0:00,Central Michigan Chippewas,Navy Midshipmen
9/8/2012 0:00,Eastern Michigan Eagles,Illinois State Redbirds
10/20/2012 0:00,Eastern Michigan Eagles,Army Black Knights
9/1/2012 0:00,Kent State Golden Flashes,Towson Tigers
9/8/2012 0:00,Miami RedHawks,Southern Illinois Salukis
9/1/2012 0:00,Northern Illinois Huskies,Iowa Hawkeyes
9/8/2012 0:00,Northern Illinois Huskies,UT Martin Skyhawks
9/22/2012 0:00,Northern Illinois Huskies,Kansas Jayhawks
9/8/2012 0:00,Ohio Bobcats,New Mexico State Aggies
9/22/2012 0:00,Ohio Bobcats,Norfolk State Spartans
9/1/2012 0:00,Temple Owls,Villanova Wildcats
9/8/2012 0:00,Temple Owls,Maryland Terrapins
9/22/2012 0:00,Toledo Rockets,Coastal Carolina Chanticleers
10/20/2012 0:00,Toledo Rockets,Cincinnati Bearcats
9/8/2012 0:00,UMass Minutemen,Indiana Hoosiers
9/8/2012 0:00,Western Michigan Broncos,Eastern Illinois Panthers
9/22/2012 0:00,Western Michigan Broncos,UConn Huskies
9/15/2012 0:00,Boise State Broncos,Miami RedHawks
9/22/2012 0:00,Boise State Broncos,BYU Cougars
9/2/2012 0:00,Colorado State Rams,Colorado Buffaloes
9/8/2012 0:00,Colorado State Rams,North Dakota State Bison
9/22/2012 0:00,Colorado State Rams,Utah State Aggies
9/1/2012 0:00,Fresno State Bulldogs,Weber State Wildcats
9/15/2012 0:00,Fresno State Bulldogs,Colorado Buffaloes
9/15/2012 0:00,Hawaii Warriors,Lamar Cardinals
12/1/2012 0:00,Hawaii Warriors,South Alabama Jaguars
9/8/2012 0:00,Nevada Wolf Pack,South Florida Bulls
9/15/2012 0:00,Nevada Wolf Pack,Northwestern State Demons
9/1/2012 0:00,New Mexico Lobos,Southern Jaguars
10/6/2012 0:00,New Mexico Lobos,Texas State Bobcats
9/8/2012 0:00,San Diego State Aztecs,Army Black Knights
9/15/2012 0:00,San Diego State Aztecs,North Dakota Fighting Sioux
9/22/2012 0:00,San Diego State Aztecs,San Jose State Spartans
8/30/2012 0:00,UNLV Rebels,Minnesota Golden Gophers
9/8/2012 0:00,UNLV Rebels,Northern Arizona Lumberjacks
9/15/2012 0:00,UNLV Rebels,Washington State Cougars
9/8/2012 0:00,Wyoming Cowboys,Toledo Rockets
9/15/2012 0:00,Wyoming Cowboys,Cal Poly Mustangs
9/1/2012 0:00,Arizona Wildcats,Toledo Rockets
9/8/2012 0:00,Arizona Wildcats,Oklahoma State Cowboys
9/15/2012 0:00,Arizona Wildcats,South Carolina State Bulldogs
9/29/2012 0:00,Arizona Wildcats,Oregon State Beavers
10/20/2012 0:00,Arizona Wildcats,Washington Huskies
10/27/2012 0:00,Arizona Wildcats,USC Trojans
11/10/2012 0:00,Arizona Wildcats,Colorado Buffaloes
11/23/2012 0:00,Arizona Wildcats,Arizona State Sun Devils
9/1/2012 0:00,Arizona State Sun Devils,Northern Arizona Lumberjacks
9/8/2012 0:00,Arizona State Sun Devils,Illinois Fighting Illini
9/22/2012 0:00,Arizona State Sun Devils,Utah Utes
10/18/2012 0:00,Arizona State Sun Devils,Oregon Ducks
10/27/2012 0:00,Arizona State Sun Devils,UCLA Bruins
11/17/2012 0:00,Arizona State Sun Devils,Washington State Cougars
9/1/2012 0:00,California Golden Bears,Nevada Wolf Pack
9/8/2012 0:00,California Golden Bears,Southern Utah Thunderbirds
9/29/2012 0:00,California Golden Bears,Arizona State Sun Devils
10/6/2012 0:00,California Golden Bears,UCLA Bruins
10/20/2012 0:00,California Golden Bears,Stanford Cardinal
11/2/2012 0:00,California Golden Bears,Washington Huskies
11/10/2012 0:00,California Golden Bears,Oregon Ducks
9/2/2012 0:00,Colorado Buffaloes,Colorado State Rams
9/8/2012 0:00,Colorado Buffaloes,Sacramento State Hornets
9/29/2012 0:00,Colorado Buffaloes,UCLA Bruins
10/11/2012 0:00,Colorado Buffaloes,Arizona State Sun Devils
11/3/2012 0:00,Colorado Buffaloes,Stanford Cardinal
11/17/2012 0:00,Colorado Buffaloes,Washington Huskies
11/23/2012 0:00,Colorado Buffaloes,Utah Utes
9/1/2012 0:00,Oregon Ducks,Arkansas State Red Wolves
9/8/2012 0:00,Oregon Ducks,Fresno State Bulldogs
9/15/2012 0:00,Oregon Ducks,Tennessee Tech Golden Eagles
9/22/2012 0:00,Oregon Ducks,Arizona Wildcats
10/6/2012 0:00,Oregon Ducks,Washington Huskies
10/27/2012 0:00,Oregon Ducks,Colorado Buffaloes
11/17/2012 0:00,Oregon Ducks,Stanford Cardinal
9/1/2012 0:00,Oregon State Beavers,Nicholls State Colonels
9/8/2012 0:00,Oregon State Beavers,Wisconsin Badgers
10/6/2012 0:00,Oregon State Beavers,Washington State Cougars
10/20/2012 0:00,Oregon State Beavers,Utah Utes
11/3/2012 0:00,Oregon State Beavers,Arizona State Sun Devils
11/17/2012 0:00,Oregon State Beavers,California Golden Bears
11/24/2012 0:00,Oregon State Beavers,Oregon Ducks
9/1/2012 0:00,Stanford Cardinal,San Jose State Spartans
9/8/2012 0:00,Stanford Cardinal,Duke Blue Devils
9/15/2012 0:00,Stanford Cardinal,USC Trojans
10/6/2012 0:00,Stanford Cardinal,Arizona Wildcats
10/27/2012 0:00,Stanford Cardinal,Washington State Cougars
11/10/2012 0:00,Stanford Cardinal,Oregon State Beavers
9/8/2012 0:00,UCLA Bruins,Nebraska Cornhuskers
9/15/2012 0:00,UCLA Bruins,Houston Cougars
9/22/2012 0:00,UCLA Bruins,Oregon State Beavers
10/13/2012 0:00,UCLA Bruins,Utah Utes
11/3/2012 0:00,UCLA Bruins,Arizona Wildcats
11/17/2012 0:00,UCLA Bruins,USC Trojans
11/24/2012 0:00,UCLA Bruins,Stanford Cardinal
9/1/2012 0:00,USC Trojans,Hawaii Warriors
9/8/2012 0:00,USC Trojans,Syracuse Orange
9/22/2012 0:00,USC Trojans,California Golden Bears
10/20/2012 0:00,USC Trojans,Colorado Buffaloes
11/3/2012 0:00,USC Trojans,Oregon Ducks
11/10/2012 0:00,USC Trojans,Arizona State Sun Devils
11/24/2012 0:00,USC Trojans,Notre Dame Fighting Irish
8/30/2012 0:00,Utah Utes,Northern Colorado Bears
9/15/2012 0:00,Utah Utes,BYU Cougars
10/4/2012 0:00,Utah Utes,USC Trojans
10/27/2012 0:00,Utah Utes,California Golden Bears
11/3/2012 0:00,Utah Utes,Washington State Cougars
11/17/2012 0:00,Utah Utes,Arizona Wildcats
9/1/2012 0:00,Washington Huskies,San Diego State Aztecs
9/15/2012 0:00,Washington Huskies,Portland State Vikings
9/27/2012 0:00,Washington Huskies,Stanford Cardinal
10/13/2012 0:00,Washington Huskies,USC Trojans
10/27/2012 0:00,Washington Huskies,Oregon State Beavers
11/10/2012 0:00,Washington Huskies,Utah Utes
9/8/2012 0:00,Washington State Cougars,Eastern Washington Eagles
9/22/2012 0:00,Washington State Cougars,Colorado Buffaloes
9/29/2012 0:00,Washington State Cougars,Oregon Ducks
10/13/2012 0:00,Washington State Cougars,California Golden Bears
11/10/2012 0:00,Washington State Cougars,UCLA Bruins
11/23/2012 0:00,Washington State Cougars,Washington Huskies
9/1/2012 0:00,Alabama Crimson Tide,Michigan Wolverines
9/8/2012 0:00,Alabama Crimson Tide,Western Kentucky Hilltoppers
9/22/2012 0:00,Alabama Crimson Tide,Florida Atlantic Owls
9/29/2012 0:00,Alabama Crimson Tide,Ole Miss Rebels
10/27/2012 0:00,Alabama Crimson Tide,Mississippi State Bulldogs
11/10/2012 0:00,Alabama Crimson Tide,Texas A&M Aggies
11/17/2012 0:00,Alabama Crimson Tide,Western Carolina Catamounts
11/24/2012 0:00,Alabama Crimson Tide,Auburn Tigers
9/1/2012 0:00,Arkansas Razorbacks,Jacksonville State Gamecocks
9/8/2012 0:00,Arkansas Razorbacks,ULM Warhawks
9/15/2012 0:00,Arkansas Razorbacks,Alabama Crimson Tide
9/22/2012 0:00,Arkansas Razorbacks,Rutgers Scarlet Knights
10/13/2012 0:00,Arkansas Razorbacks,Kentucky Wildcats
10/27/2012 0:00,Arkansas Razorbacks,Ole Miss Rebels
11/3/2012 0:00,Arkansas Razorbacks,Tulsa Golden Hurricane
11/24/2012 0:00,Arkansas Razorbacks,LSU Tigers
9/1/2012 0:00,Auburn Tigers,Clemson Tigers
9/15/2012 0:00,Auburn Tigers,ULM Warhawks
9/22/2012 0:00,Auburn Tigers,LSU Tigers
10/6/2012 0:00,Auburn Tigers,Arkansas Razorbacks
10/27/2012 0:00,Auburn Tigers,Texas A&M Aggies
11/3/2012 0:00,Auburn Tigers,New Mexico State Aggies
11/10/2012 0:00,Auburn Tigers,Georgia Bulldogs
11/17/2012 0:00,Auburn Tigers,Alabama A&M Bulldogs
9/1/2012 0:00,Florida Gators,Bowling Green Falcons
9/22/2012 0:00,Florida Gators,Kentucky Wildcats
10/6/2012 0:00,Florida Gators,LSU Tigers
10/20/2012 0:00,Florida Gators,South Carolina Gamecocks
10/27/2012 0:00,Florida Gators,Georgia Bulldogs
11/3/2012 0:00,Florida Gators,Missouri Tigers
11/10/2012 0:00,Florida Gators,Louisiana's Ragin' Cajuns
11/17/2012 0:00,Florida Gators,Jacksonville State Gamecocks
9/1/2012 0:00,Georgia Bulldogs,Buffalo Bulls
9/15/2012 0:00,Georgia Bulldogs,Florida Atlantic Owls
9/22/2012 0:00,Georgia Bulldogs,Vanderbilt Commodores
9/29/2012 0:00,Georgia Bulldogs,Tennessee Volunteers
10/27/2012 0:00,Georgia Bulldogs,Florida Gators
11/3/2012 0:00,Georgia Bulldogs,Ole Miss Rebels
11/17/2012 0:00,Georgia Bulldogs,Georgia Southern Eagles
11/24/2012 0:00,Georgia Bulldogs,Georgia Tech Yellow Jackets
9/8/2012 0:00,Kentucky Wildcats,Kent State Golden Flashes
9/15/2012 0:00,Kentucky Wildcats,Western Kentucky Hilltoppers
9/29/2012 0:00,Kentucky Wildcats,South Carolina Gamecocks
10/6/2012 0:00,Kentucky Wildcats,Mississippi State Bulldogs
10/20/2012 0:00,Kentucky Wildcats,Georgia Bulldogs
11/3/2012 0:00,Kentucky Wildcats,Vanderbilt Commodores
11/17/2012 0:00,Kentucky Wildcats,Samford Bulldogs
9/1/2012 0:00,LSU Tigers,North Texas Mean Green
9/8/2012 0:00,LSU Tigers,Washington Huskies
9/15/2012 0:00,LSU Tigers,Idaho Vandals
9/29/2012 0:00,LSU Tigers,Towson Tigers
10/13/2012 0:00,LSU Tigers,South Carolina Gamecocks
11/3/2012 0:00,LSU Tigers,Alabama Crimson Tide
11/10/2012 0:00,LSU Tigers,Mississippi State Bulldogs
11/17/2012 0:00,LSU Tigers,Ole Miss Rebels
9/1/2012 0:00,Mississippi State Bulldogs,Jackson State Tigers
9/8/2012 0:00,Mississippi State Bulldogs,Auburn Tigers
9/22/2012 0:00,Mississippi State Bulldogs,South Alabama Jaguars
10/13/2012 0:00,Mississippi State Bulldogs,Tennessee Volunteers
10/20/2012 0:00,Mississippi State Bulldogs,Middle Tennessee Blue Raiders
11/3/2012 0:00,Mississippi State Bulldogs,Texas A&M Aggies
11/17/2012 0:00,Mississippi State Bulldogs,Arkansas Razorbacks
9/1/2012 0:00,Missouri Tigers,Southeastern Louisiana Lions
9/8/2012 0:00,Missouri Tigers,Georgia Bulldogs
9/15/2012 0:00,Missouri Tigers,Arizona State Sun Devils
10/6/2012 0:00,Missouri Tigers,Vanderbilt Commodores
10/13/2012 0:00,Missouri Tigers,Alabama Crimson Tide
10/27/2012 0:00,Missouri Tigers,Kentucky Wildcats
9/1/2012 0:00,Ole Miss Rebels,Central Arkansas Bears
9/8/2012 0:00,Ole Miss Rebels,UTEP Miners
9/15/2012 0:00,Ole Miss Rebels,Texas Longhorns
10/6/2012 0:00,Ole Miss Rebels,Texas A&M Aggies
10/13/2012 0:00,Ole Miss Rebels,Auburn Tigers
11/10/2012 0:00,Ole Miss Rebels,Vanderbilt Commodores
11/24/2012 0:00,Ole Miss Rebels,Mississippi State Bulldogs
9/8/2012 0:00,South Carolina Gamecocks,East Carolina Pirates
9/15/2012 0:00,South Carolina Gamecocks,UAB Blazers
9/22/2012 0:00,South Carolina Gamecocks,Missouri Tigers
10/6/2012 0:00,South Carolina Gamecocks,Georgia Bulldogs
10/27/2012 0:00,South Carolina Gamecocks,Tennessee Volunteers
11/10/2012 0:00,South Carolina Gamecocks,Arkansas Razorbacks
11/17/2012 0:00,South Carolina Gamecocks,Wofford Terriers
8/31/2012 0:00,Tennessee Volunteers,NC State Wolfpack
9/8/2012 0:00,Tennessee Volunteers,Georgia State Panthers
9/15/2012 0:00,Tennessee Volunteers,Florida Gators
9/22/2012 0:00,Tennessee Volunteers,Akron Zips
10/20/2012 0:00,Tennessee Volunteers,Alabama Crimson Tide
11/3/2012 0:00,Tennessee Volunteers,Troy Trojans
11/10/2012 0:00,Tennessee Volunteers,Missouri Tigers
11/24/2012 0:00,Tennessee Volunteers,Kentucky Wildcats
9/8/2012 0:00,Texas A&M Aggies,Florida Gators
9/22/2012 0:00,Texas A&M Aggies,South Carolina State Bulldogs
9/29/2012 0:00,Texas A&M Aggies,Arkansas Razorbacks
10/20/2012 0:00,Texas A&M Aggies,LSU Tigers
11/17/2012 0:00,Texas A&M Aggies,Sam Houston State Bearkats
11/24/2012 0:00,Texas A&M Aggies,Missouri Tigers
8/30/2012 0:00,Vanderbilt Commodores,South Carolina Gamecocks
9/15/2012 0:00,Vanderbilt Commodores,Presbyterian Blue Hose
10/13/2012 0:00,Vanderbilt Commodores,Florida Gators
10/20/2012 0:00,Vanderbilt Commodores,Auburn Tigers
10/27/2012 0:00,Vanderbilt Commodores,UMass Minutemen
11/17/2012 0:00,Vanderbilt Commodores,Tennessee Volunteers
9/8/2012 0:00,Arkansas State Red Wolves,Memphis Tigers
9/22/2012 0:00,Arkansas State Red Wolves,Alcorn State Braves
9/8/2012 0:00,FIU Golden Panthers,Akron Zips
9/22/2012 0:00,FIU Golden Panthers,Louisville Cardinals
9/1/2012 0:00,Florida Atlantic Owls,Wagner Seahawks
9/1/2012 0:00,Middle Tennessee Blue Raiders,McNeese State Cowboys
9/1/2012 0:00,South Alabama Jaguars,UTSA Roadrunners
9/8/2012 0:00,South Alabama Jaguars,Nicholls State Colonels
9/15/2012 0:00,Troy Trojans,Mississippi State Bulldogs
11/10/2012 0:00,Troy Trojans,Navy Midshipmen
9/1/2012 0:00,Louisiana's Ragin' Cajuns,Lamar Cardinals
10/6/2012 0:00,Louisiana's Ragin' Cajuns,Tulane Green Wave
9/22/2012 0:00,ULM Warhawks,Baylor Bears
9/1/2012 0:00,Western Kentucky Hilltoppers,Austin Peay Governors
9/22/2012 0:00,Western Kentucky Hilltoppers,Southern Miss Golden Eagles
9/1/2012 0:00,Idaho Vandals,Eastern Washington Eagles
9/22/2012 0:00,Idaho Vandals,Wyoming Cowboys
8/30/2012 0:00,Louisiana Tech Bulldogs,Texas A&M Aggies
9/15/2012 0:00,Louisiana Tech Bulldogs,Rice Owls
10/6/2012 0:00,Louisiana Tech Bulldogs,UNLV Rebels
9/1/2012 0:00,New Mexico State Aggies,Sacramento State Hornets
9/22/2012 0:00,New Mexico State Aggies,New Mexico Lobos
11/24/2012 0:00,New Mexico State Aggies,BYU Cougars
9/8/2012 0:00,San Jose State Spartans,UC Davis Aggies
9/15/2012 0:00,San Jose State Spartans,Colorado State Rams
11/17/2012 0:00,San Jose State Spartans,BYU Cougars
9/8/2012 0:00,Texas State Bobcats,Texas Tech Red Raiders
9/22/2012 0:00,Texas State Bobcats,Stephen F. Austin Lumberjacks
9/29/2012 0:00,Texas State Bobcats,Nevada Wolf Pack
9/1/2012 0:00,Utah State Aggies,Southern Utah Thunderbirds
9/8/2012 0:00,Utah State Aggies,Utah Utes
9/29/2012 0:00,Utah State Aggies,UNLV Rebels
9/8/2012 0:00,UTSA Roadrunners,Texas A&M-Commerce Lions
9/22/2012 0:00,UTSA Roadrunners,NW Oklahoma State Rangers
11/10/2012 0:00,UTSA Roadrunners,McNeese State Cowboys
